id,name,aliases,category,bullet_diameter_mm,bullet_diameter_in,case_length_mm,rim_diameter_mm,rim_type,base_diameter_mm,shoulder_diameter_mm,neck_diameter_mm,max_pressure_bar,pmax_cip_bar,pmax_saami_bar,case_volume_cm3,primer_type,intro_year,origin_country,description,wiki_url,data_note,data_note_en,description_en
17_hmr,.17 Hornady Magnum Rimfire,.17 Hornady Magnum Rimfire,Rimfire,4.38,0.172,27.03,7.47,Rimmed,6.13,6.15,4.9,1800,1800,,0.65,Rimfire,2002,États-Unis,Cartouche à percussion annulaire.,,,,Rimfire cartridge.
204_ruger,.204 Ruger,204 Ruger|.204 Ruger,Rifle,5.18,0.204,47,9.6,Rimless,9.56,9.14,5.87,4050,4050,3964,1.853,Small Rifle,2004,États-Unis,"Calibre d'arme d'épaule, culot sans bourrelet. Pris en charge par l'estimateur de balistique intérieure du site.",,,,"Rifle cartridge, rimless case head. Supported by the site's interior ballistics estimator."
22_creedmoor,.22 Creedmoor,22 Creedmoor,Rifle,5.7,0.224,49,12.01,Rimless,11.95,11.73,6.3,4275,,4275,3.059,Large Rifle,,États-Unis,"Calibre d'arme d'épaule, culot sans bourrelet. Pris en charge par l'estimateur de balistique intérieure du site.",,,,"Rifle cartridge, rimless case head. Supported by the site's interior ballistics estimator."
22_hornet,.22 Hornet,22 Hornet|.22 Hornet,Rifle,5.7,0.224,35.64,8.9,Rimmed,7.6,7,6.2,3000,3000,,0.665,Small Rifle,1930,États-Unis,"Calibre d'arme d'épaule, culot à bourrelet. Pris en charge par l'estimateur de balistique intérieure du site.",,,,"Rifle cartridge, rimmed case head. Supported by the site's interior ballistics estimator."
22_lr,.22 Long Rifle,.22 Long Rifle,Rimfire,5.72,0.225,15.57,7.06,Rimmed,5.74,,5.72,1700,1700,,0.36,Rimfire,1887,États-Unis,Cartouche à percussion annulaire.,,"Volume d'étui estimé (non publié C.I.P./SAAMI). Cotes et pressions relevées sur la fiche C.I.P. TAB. V « 22 Long Rifle » (révision 2024-05-14) : L3 = 15,57, L6 = 25,40, R1 = 7,06, P1 = 5,74, G1 = 5,72 mm ; Pmax 1700, PK 1955, PE 2210 bar. Canon de référence C.I.P. : âme 5,38 / fond de rayure 5,58 mm, 6 rayures, pas de 406 mm (1:16"").","Estimated case capacity (not published by C.I.P./SAAMI). Dimensions and pressures taken from the C.I.P. TAB. V sheet “22 Long Rifle” (revision 2024-05-14): L3 = 15.57, L6 = 25.40, R1 = 7.06, P1 = 5.74, G1 = 5.72 mm; Pmax 1700, PK 1955, PE 2210 bar. C.I.P. reference barrel: bore 5.38 / groove 5.58 mm, 6 grooves, 406 mm twist (1:16"").",Rimfire cartridge.
22_nosler,.22 Nosler,22 Nosler,Rifle,5.69,0.224,44.7,9.6,Rebated,10.69,10.2,6.5,3792,,3792,2.107,Small Rifle,,États-Unis,"Calibre d'arme d'épaule, culot rétreint. Pris en charge par l'estimateur de balistique intérieure du site.",,,,"Rifle cartridge, rebated case head. Supported by the site's interior ballistics estimator."
22_ppcusa,.22 PPC-USA,22 PPC|22 PPC-USA,Rifle,5.69,0.224,38.5,11.3,Rimless,11.2,10.95,6.3,4050,4050,,2.048,Small Rifle,,Finlande,"Calibre d'arme d'épaule, culot sans bourrelet. Pris en charge par l'estimateur de balistique intérieure du site.",,,,"Rifle cartridge, rimless case head. Supported by the site's interior ballistics estimator."
22_wmr,.22 Winchester Magnum Rimfire,.22 Winchester Magnum Rimfire,Rimfire,5.69,0.224,26.8,7.47,Rimmed,6.13,,6.1,1600,1600,,0.7,Rimfire,,États-Unis,Cartouche à percussion annulaire.,,,,Rimfire cartridge.
22_250_rem,.22-250 Remington,22-250 Rem.|.22-250 Remington,Rifle,5.7,0.224,48.46,12,Rimless,11.9,10.5,6.5,4050,4050,,2.736,Large Rifle,1965,États-Unis,"Calibre d'arme d'épaule, culot sans bourrelet. Pris en charge par l'estimateur de balistique intérieure du site.",,,,"Rifle cartridge, rimless case head. Supported by the site's interior ballistics estimator."
220_swift,.220 Swift,220 Swift|.220 Swift,Rifle,5.69,0.224,56.01,12.01,Semi-rimmed,11.36,10.21,6.64,4300,4300,,2.59,Large Rifle,1935,États-Unis,"Calibre d'arme d'épaule, culot à semi-bourrelet. Pris en charge par l'estimateur de balistique intérieure du site.",,,,"Rifle cartridge, semi-rimmed case head. Supported by the site's interior ballistics estimator."
221_remington_fireball,.221 Remington Fireball,221 Remington Fireball,Rifle,5.69,0.224,35.6,9.6,Rimless,9.55,9.17,6.43,3200,3200,4137,1.331,Small Rifle,,États-Unis,"Calibre d'arme d'épaule, culot sans bourrelet. Pris en charge par l'estimateur de balistique intérieure du site.",,,,"Rifle cartridge, rimless case head. Supported by the site's interior ballistics estimator."
222_rem,.222 Remington,222 Rem.|.222 Remington,Rifle,5.7,0.224,43.18,9.6,Rimless,9.6,9.1,6.4,3700,3700,,1.61,Small Rifle,1950,États-Unis,"Calibre d'arme d'épaule, culot sans bourrelet. Pris en charge par l'estimateur de balistique intérieure du site.",,,,"Rifle cartridge, rimless case head. Supported by the site's interior ballistics estimator."
222_rem_mag,.222 Remington Magnum,222 Rem. Mag.,Rifle,5.69,0.224,47,9.6,Rimless,9.6,9.1,6.4,4050,4050,3792,1.794,Small Rifle,,États-Unis,"Calibre d'arme d'épaule, culot sans bourrelet. Pris en charge par l'estimateur de balistique intérieure du site.",,,,"Rifle cartridge, rimless case head. Supported by the site's interior ballistics estimator."
223_rem,.223 Remington,223 Rem.|.223 Remington,Rifle,5.7,0.224,44.7,9.6,Rimless,9.55,9,6.43,4300,4300,,1.804,Small Rifle,1964,États-Unis,"Calibre d'arme d'épaule, culot sans bourrelet. Pris en charge par l'estimateur de balistique intérieure du site.",https://www.tireur.org/wiki/doku.php?id=technique:calibres_militaires#nato_et_le_223_remington,"Voir aussi la variante militaire distincte 5.56×45mm NATO (cotes extérieures identiques, mais chambre à leade plus long et pression supérieure). Une chambre .223 Rem n'est pas prévue pour la munition 5.56 OTAN.","See also the distinct military variant, 5.56×45mm NATO (identical external dimensions, but a chamber with a longer leade and a higher pressure). A .223 Rem chamber is not intended for 5.56 NATO ammunition.","Rifle cartridge, rimless case head. Supported by the site's interior ballistics estimator."
223_wssm,.223 WSSM,223 Winchester Super Short Magnum|223 WSSM,Rifle,5.69,0.224,42.4,13.59,Rebated,14.1,13.82,6.91,4400,4400,4482,3.038,Large Rifle,,États-Unis,"Calibre d'arme d'épaule, culot rétreint. Pris en charge par l'estimateur de balistique intérieure du site.",,,,"Rifle cartridge, rebated case head. Supported by the site's interior ballistics estimator."
224_valkyrie,.224 Valkyrie,224 Valkyrie,Rifle,5.69,0.224,40.64,10.7,Rimless,10.69,10.24,6.5,3890,3890,3792,1.786,Small Rifle,,États-Unis,"Calibre d'arme d'épaule, culot sans bourrelet. Pris en charge par l'estimateur de balistique intérieure du site.",,,,"Rifle cartridge, rimless case head. Supported by the site's interior ballistics estimator."
240_weatherby_magnum,.240 Weatherby Magnum,240 Weatherby Magnum,Rifle,6.17,0.243,63.5,11.99,Belted,11.51,10.9,6.91,4400,4400,,3.73,Large Rifle,,États-Unis,"Calibre d'arme d'épaule, culot à ceinture. Pris en charge par l'estimateur de balistique intérieure du site.",,,,"Rifle cartridge, belted case head. Supported by the site's interior ballistics estimator."
243_ackley_improved,.243 Ackley Improved,243 Ackley Imp|243 AI|243 Ackley Improved,Rifle,6.17,0.243,52,,Rimless,,,,4150,,,3.211,Small Rifle,,Inconnu,"Calibre d'arme d'épaule, culot sans bourrelet. Pris en charge par l'estimateur de balistique intérieure du site.",,"Wildcat non homologué C.I.P. ni normalisé SAAMI : limite reprise du .243 Win. dont il dérive (même étui, épaulement redressé). Valeur indicative.","Wildcat, neither approved by C.I.P. nor standardised by SAAMI: limit taken from the .243 Win. it derives from (same case, sharper shoulder). Indicative value.","Rifle cartridge, rimless case head. Supported by the site's interior ballistics estimator."
243_win,.243 Winchester,243 Win.|.243 Winchester,Rifle,6.17,0.243,51.94,12,Rimless,12,11.5,7,4150,4150,,3.189,Large Rifle,1955,États-Unis,"Calibre d'arme d'épaule, culot sans bourrelet. Pris en charge par l'estimateur de balistique intérieure du site.",,,,"Rifle cartridge, rimless case head. Supported by the site's interior ballistics estimator."
25_acp,.25 ACP,.25 ACP,Handgun,6.38,0.251,15.6,7.7,Semi-rimmed,7.02,,7.0,1200,1200,,0.3,Small Pistol,1906,Belgique / États-Unis,"Calibre d'arme de poing, culot à semi-bourrelet.",,Volume d'étui estimé (non publié C.I.P./SAAMI).,Estimated case capacity (not published by C.I.P./SAAMI).,"Handgun cartridge, semi-rimmed case head."
250_savage,.250 Savage,250-3000 Savage|250 Savage,Rifle,6.53,0.257,48.56,12.01,Rimless,11.93,10.52,7.33,3650,3650,3103,2.356,Large Rifle,,États-Unis,"Calibre d'arme d'épaule, culot sans bourrelet. Pris en charge par l'estimateur de balistique intérieure du site.",,,,"Rifle cartridge, rimless case head. Supported by the site's interior ballistics estimator."
257_roberts,.257 Roberts,257 Roberts,Rifle,6.53,0.257,56.7,12,Rimless,12,10.9,7.4,3550,3550,,3.623,Large Rifle,1934,États-Unis,"Calibre d'arme d'épaule, culot sans bourrelet. Pris en charge par l'estimateur de balistique intérieure du site.",,,,"Rifle cartridge, rimless case head. Supported by the site's interior ballistics estimator."
257_wby_mag,.257 Wby. Magnum,257 Weatherby Magnum|257 Wby. Mag.,Rifle,6.53,0.257,64.74,13.5,Belted,13,12.5,7.2,4400,4400,,4.827,Large Rifle Magnum,,États-Unis,"Calibre d'arme d'épaule, culot à ceinture. Pris en charge par l'estimateur de balistique intérieure du site.",,,,"Rifle cartridge, belted case head. Supported by the site's interior ballistics estimator."
260_rem,.260 Remington,260 Rem.|.260 Remington,Rifle,6.71,0.264,51.69,12.01,Rimless,11.95,11.53,7.54,4150,4150,,2.995,Large Rifle,1997,États-Unis,"Calibre d'arme d'épaule, culot sans bourrelet. Pris en charge par l'estimateur de balistique intérieure du site.",,,,"Rifle cartridge, rimless case head. Supported by the site's interior ballistics estimator."
270_wsm,.270 WSM,270 Winchester Short Magnum|270 WSM,Rifle,7.04,0.277,53.34,13.6,Rebated,14.1,13.67,7.98,4400,4400,,4.499,Large Rifle Magnum,2002,États-Unis,"Calibre d'arme d'épaule, culot rétreint. Pris en charge par l'estimateur de balistique intérieure du site.",,,,"Rifle cartridge, rebated case head. Supported by the site's interior ballistics estimator."
270_weatherby_magnum,.270 Weatherby Magnum,270 Weatherby Magnum,Rifle,7.04,0.277,64.74,13.5,Belted,13,12.5,7.7,4400,4400,4309,5.413,Large Rifle,,États-Unis,"Calibre d'arme d'épaule, culot à ceinture. Pris en charge par l'estimateur de balistique intérieure du site.",,,,"Rifle cartridge, belted case head. Supported by the site's interior ballistics estimator."
270_win,.270 Winchester,270 Win.|.270 Winchester,Rifle,7.04,0.277,64.51,12,Rimless,11.9,11.2,7.87,4300,4300,,4.112,Large Rifle,1925,États-Unis,"Calibre d'arme d'épaule, culot sans bourrelet. Pris en charge par l'estimateur de balistique intérieure du site.",,,,"Rifle cartridge, rimless case head. Supported by the site's interior ballistics estimator."
280_remington,.280 Remington,280 Remington,Rifle,7.21,0.284,64.5,12,Rimless,11.97,11.2,8,4050,4050,4137,3.717,Large Rifle,,États-Unis,"Calibre d'arme d'épaule, culot sans bourrelet. Pris en charge par l'estimateur de balistique intérieure du site.",,,,"Rifle cartridge, rimless case head. Supported by the site's interior ballistics estimator."
284_winchester,.284 Winchester,284 Winchester,Rifle,7.21,0.284,55.12,12.01,Rebated,12.72,12.06,8.13,4400,4400,3861,3.82,Large Rifle,,États-Unis,"Calibre d'arme d'épaule, culot rétreint. Pris en charge par l'estimateur de balistique intérieure du site.",,,,"Rifle cartridge, rebated case head. Supported by the site's interior ballistics estimator."
30_carbine,.30 Carbine,30 Carbine,Rifle,7.82,0.308,32.8,9.14,Rimless,9.06,,8.53,3200,3200,2758,1.05,Small Rifle,,États-Unis,"Calibre d'arme d'épaule, culot sans bourrelet. Pris en charge par l'estimateur de balistique intérieure du site.",,,,"Rifle cartridge, rimless case head. Supported by the site's interior ballistics estimator."
30_r_blaser,.30 R Blaser,30 R Blaser,Rifle,7.82,0.308,68.0,13.5,Rimmed,12.2,11.2,8.73,4050,4050,,4.438,Large Rifle Magnum,,Allemagne,"Calibre d'arme d'épaule, culot à bourrelet. Pris en charge par l'estimateur de balistique intérieure du site.",,,,"Rifle cartridge, rimmed case head. Supported by the site's interior ballistics estimator."
30_t/c,.30 T/C,30 Thompson Center|30 T/C,Rifle,7.82,0.308,48.77,12.01,Rimless,11.95,11.78,8.56,4250,4250,,3.034,Large Rifle,,Inconnu,"Calibre d'arme d'épaule, culot sans bourrelet. Pris en charge par l'estimateur de balistique intérieure du site.",,,,"Rifle cartridge, rimless case head. Supported by the site's interior ballistics estimator."
30_06_springfield,.30-06 Springfield,30-06 Spring.|.30-06 Springfield,Rifle,7.82,0.308,63.35,12.01,Rimless,11.96,11.2,8.63,4050,4050,,3.877,Large Rifle,1906,États-Unis,"Calibre d'arme d'épaule, culot sans bourrelet. Pris en charge par l'estimateur de balistique intérieure du site.",https://www.tireur.org/wiki/doku.php?id=technique:cartouche_30_06,,,"Rifle cartridge, rimless case head. Supported by the site's interior ballistics estimator."
30_30_win,.30-30 Winchester,30-30 Win.|.30-30 Winchester,Rifle,7.82,0.308,51.82,12.9,Rimmed,10.7,10.2,8.4,3200,3200,,2.168,Large Rifle,1895,États-Unis,"Calibre d'arme d'épaule, culot à bourrelet. Pris en charge par l'estimateur de balistique intérieure du site.",,,,"Rifle cartridge, rimmed case head. Supported by the site's interior ballistics estimator."
300_blackout,.300 AAC Blackout,300 AAC Blackout|300 AAC BLK|.300 AAC Blackout,Rifle,7.82,0.308,34.75,9.6,Rimless,9.6,9.16,8.48,3900,3900,,1.044,Small Rifle,2011,États-Unis,"Calibre d'arme d'épaule, culot sans bourrelet. Pris en charge par l'estimateur de balistique intérieure du site.",,,,"Rifle cartridge, rimless case head. Supported by the site's interior ballistics estimator."
300_lapua_magnum,.300 Lapua Magnum,300 Lapua Magnum,Rifle,7.82,0.308,69.2,14.93,Rimless,14.91,13.82,8.73,4400,4400,,6.25,Large Rifle Magnum,,Finlande,"Calibre d'arme d'épaule, culot sans bourrelet. Pris en charge par l'estimateur de balistique intérieure du site.",,,,"Rifle cartridge, rimless case head. Supported by the site's interior ballistics estimator."
300_norma_magnum,.300 Norma Magnum,300 Norma Magnum,Rifle,7.82,0.308,63.3,14.93,Rimless,14.87,14.29,8.68,4400,4400,4206,5.75,Large Rifle Magnum,,Suède,"Calibre d'arme d'épaule, culot sans bourrelet. Pris en charge par l'estimateur de balistique intérieure du site.",,,,"Rifle cartridge, rimless case head. Supported by the site's interior ballistics estimator."
300_prc,.300 PRC,300 PRC|.300 PRC,Rifle,7.82,0.308,65.53,13.51,Rimless,13.53,13.08,8.66,4400,4400,,5.571,Large Rifle Magnum,2018,États-Unis,"Calibre d'arme d'épaule, culot sans bourrelet. Pris en charge par l'estimateur de balistique intérieure du site.",,,,"Rifle cartridge, rimless case head. Supported by the site's interior ballistics estimator."
300_rcm,.300 RCM,300 Ruger Compact Magnum|300 RCM,Rifle,7.82,0.308,53.34,13.51,Rimless,13.51,13.08,8.64,4400,4400,,4.575,Large Rifle Magnum,,États-Unis,"Calibre d'arme d'épaule, culot sans bourrelet. Pris en charge par l'estimateur de balistique intérieure du site.",,,,"Rifle cartridge, rimless case head. Supported by the site's interior ballistics estimator."
300_rem_ultra_mag,.300 Remington Ultra Magnum,300 Remington Ultra Magnum|300 Rem. Ultra Mag.,Rifle,7.82,0.308,72.4,13.56,Rebated,13.97,13.34,8.74,4400,4400,4482,7.37,Large Rifle Magnum,,États-Unis,"Calibre d'arme d'épaule, culot rétreint. Pris en charge par l'estimateur de balistique intérieure du site.",,,,"Rifle cartridge, rebated case head. Supported by the site's interior ballistics estimator."
300_savage,.300 Savage,300 Savage,Rifle,7.82,0.308,47.5,12.01,Rimless,11.96,11.33,8.61,3650,3650,3241,3.408,Large Rifle,1920,États-Unis,"Calibre d'arme d'épaule, culot sans bourrelet. Pris en charge par l'estimateur de balistique intérieure du site.",,,,"Rifle cartridge, rimless case head. Supported by the site's interior ballistics estimator."
300_wsm,.300 WSM,300 Winchester Short Magnum|300 WSM,Rifle,7.82,0.308,53.34,13.6,Rebated,14.1,13.7,8.7,4400,4400,,4.597,Large Rifle Magnum,2001,États-Unis,"Calibre d'arme d'épaule, culot rétreint. Pris en charge par l'estimateur de balistique intérieure du site.",,,,"Rifle cartridge, rebated case head. Supported by the site's interior ballistics estimator."
300_weatherby_magnum,.300 Weatherby Magnum,300 Weatherby Magnum,Rifle,7.82,0.308,71.8,13.5,Belted,13,12.5,8.5,4400,4400,4482,5.602,Large Rifle Magnum,,États-Unis,"Calibre d'arme d'épaule, culot à ceinture. Pris en charge par l'estimateur de balistique intérieure du site.",,,,"Rifle cartridge, belted case head. Supported by the site's interior ballistics estimator."
300_win_mag,.300 Winchester Magnum,300 Win. Mag.|.300 Winchester Magnum,Rifle,7.82,0.308,66.55,13.5,Belted,13,12.4,8.6,4300,4300,,5.157,Large Rifle Magnum,1963,États-Unis,"Calibre d'arme d'épaule, culot à ceinture. Pris en charge par l'estimateur de balistique intérieure du site.",,,,"Rifle cartridge, belted case head. Supported by the site's interior ballistics estimator."
303_british,.303 British,303 British|.303 British,Rifle,7.92,0.312,56.44,13.7,Rimmed,11.7,10.2,8.6,3650,3650,,3.09,Large Rifle,1888,Royaume-Uni,"Calibre d'arme d'épaule, culot à bourrelet. Pris en charge par l'estimateur de balistique intérieure du site.",,,,"Rifle cartridge, rimmed case head. Supported by the site's interior ballistics estimator."
308_marlin_express,.308 Marlin Express,308 Marlin Express,Rifle,7.82,0.308,48.77,12.9,Rimmed,11.9,11.5,8.56,3300,3300,,2.563,Large Rifle,,États-Unis,"Calibre d'arme d'épaule, culot à bourrelet. Pris en charge par l'estimateur de balistique intérieure du site.",,,,"Rifle cartridge, rimmed case head. Supported by the site's interior ballistics estimator."
308_win,.308 Winchester,308 Win.|.308 Winchester,Rifle,7.82,0.308,51.18,12.01,Rimless,11.96,11.53,8.72,4150,4150,,2.981,Large Rifle,1952,États-Unis,"Calibre d'arme d'épaule, culot sans bourrelet. Pris en charge par l'estimateur de balistique intérieure du site.",https://www.tireur.org/wiki/doku.php?id=technique:calibres_militaires#nato_et_la_308_winchester,"Voir aussi la variante militaire distincte 7.62×51mm NATO (cotes proches, spécifications différentes). Tirer une munition .308 Win dans une chambre militaire 7.62 OTAN (headspace plus long) peut provoquer une rupture d'étui.","See also the distinct military variant, 7.62×51mm NATO (similar dimensions, different specifications). Firing .308 Win ammunition in a 7.62 NATO military chamber (longer headspace) can cause a case rupture.","Rifle cartridge, rimless case head. Supported by the site's interior ballistics estimator."
32_acp,.32 ACP,.32 ACP,Handgun,7.85,0.309,17.2,9.1,Semi-rimmed,8.6,,8.55,1600,1600,,0.55,Small Pistol,1899,Belgique,"Calibre d'arme de poing, culot à semi-bourrelet.",,Volume d'étui estimé (non publié C.I.P./SAAMI).,Estimated case capacity (not published by C.I.P./SAAMI).,"Handgun cartridge, semi-rimmed case head."
32_sw_long,.32 S&W Long,.32 S&W Long,Handgun,8.0,0.315,23.4,9.5,Rimmed,8.6,,8.6,1000,1000,,0.95,Small Pistol,1896,États-Unis,"Calibre d'arme de poing, culot à bourrelet.",,Volume d'étui estimé (non publié C.I.P./SAAMI).,Estimated case capacity (not published by C.I.P./SAAMI).,"Handgun cartridge, rimmed case head."
338_lapua,.338 Lapua Magnum,338 Lapua Mag.|.338 Lapua Magnum,Rifle,8.61,0.339,69.2,14.93,Rimless,14.91,13.82,9.46,4200,4200,,6.389,Large Rifle Magnum,1990,Finlande,"Calibre d'arme d'épaule, culot sans bourrelet. Pris en charge par l'estimateur de balistique intérieure du site.",,,,"Rifle cartridge, rimless case head. Supported by the site's interior ballistics estimator."
338_norma_mag,.338 Norma Magnum,338 Norma Mag.,Rifle,8.61,0.339,63.3,14.93,Rimless,14.87,14.5,9.4,4400,4400,,6.159,Large Rifle Magnum,,Suède,"Calibre d'arme d'épaule, culot sans bourrelet. Pris en charge par l'estimateur de balistique intérieure du site.",,,,"Rifle cartridge, rimless case head. Supported by the site's interior ballistics estimator."
338_win_mag,.338 Winchester Magnum,338 Winchester|338 Win. Mag.,Rifle,8.61,0.339,63.5,13.51,Belted,13.03,12.47,9.37,4300,4300,,4.684,Large Rifle Magnum,,États-Unis,"Calibre d'arme d'épaule, culot à ceinture. Pris en charge par l'estimateur de balistique intérieure du site.",,,,"Rifle cartridge, belted case head. Supported by the site's interior ballistics estimator."
357_magnum,.357 Magnum,357 Magnum|.357 Magnum,Handgun,9.07,0.357,32.77,11.2,Rimmed,9.6,,9.6,3000,3000,,1.12,Small Pistol Magnum,1935,États-Unis,"Calibre d'arme de poing, culot à bourrelet. Pris en charge par l'estimateur de balistique intérieure du site.",,,,"Handgun cartridge, rimmed case head. Supported by the site's interior ballistics estimator."
357_sig,.357 SIG,357 SIG|.357 SIG,Handgun,9.02,0.355,21.97,10.77,Rimless,10.77,,9.68,3050,3050,,0.518,Small Pistol,1994,Suisse / États-Unis,"Calibre d'arme de poing, culot sans bourrelet. Pris en charge par l'estimateur de balistique intérieure du site.",,,,"Handgun cartridge, rimless case head. Supported by the site's interior ballistics estimator."
375_hh_mag,.375 Holland & Holland Magnum,375 H&H Mag.|.375 Holland & Holland Magnum,Rifle,9.53,0.375,72.39,13.5,Belted,13,11.4,10.2,4300,4300,,5.154,Large Rifle Magnum,1912,Royaume-Uni,"Calibre d'arme d'épaule, culot à ceinture. Pris en charge par l'estimateur de balistique intérieure du site.",,,,"Rifle cartridge, belted case head. Supported by the site's interior ballistics estimator."
375_ruger,.375 Ruger,375 Ruger,Rifle,9.53,0.375,65.53,13.51,Rimless,13.52,13.08,10.29,4275,4275,,5.511,Large Rifle Magnum,,Inconnu,"Calibre d'arme d'épaule, culot sans bourrelet. Pris en charge par l'estimateur de balistique intérieure du site.",,,,"Rifle cartridge, rimless case head. Supported by the site's interior ballistics estimator."
38_special,.38 Smith & Wesson Special,38 Special|.38 Smith & Wesson Special,Handgun,9.07,0.357,29.34,11.18,Rimmed,9.6,,9.6,1500,1500,,1.032,Small Pistol,1899,États-Unis,"Calibre d'arme de poing, culot à bourrelet. Pris en charge par l'estimateur de balistique intérieure du site.",,,,"Handgun cartridge, rimmed case head. Supported by the site's interior ballistics estimator."
380_acp,.380 ACP,380 Auto|380 ACP|9mm Kurz|9 mm Browning court|.380 ACP,Handgun,9.02,0.355,17.27,9.5,Rimless,9.5,,9.5,1350,1350,,0.434,Small Pistol,1908,États-Unis,"Calibre d'arme de poing, culot sans bourrelet. Pris en charge par l'estimateur de balistique intérieure du site.",,,,"Handgun cartridge, rimless case head. Supported by the site's interior ballistics estimator."
40_sw,.40 Smith & Wesson,40 S&W|.40 Smith & Wesson,Handgun,10.17,0.4,21.59,10.8,Rimless,10.8,,10.7,2250,2250,,0.648,Small Pistol,1990,États-Unis,"Calibre d'arme de poing, culot sans bourrelet. Pris en charge par l'estimateur de balistique intérieure du site.",,,,"Handgun cartridge, rimless case head. Supported by the site's interior ballistics estimator."
408_cheytac,.408 Cheyenne Tactical,.408 Cheyenne Tactical,Rifle,10.36,0.408,77.21,16.25,Rimless,16.18,15.24,11.12,4400,4400,,10.32,Large Rifle Magnum,,États-Unis,"Calibre d'arme d'épaule, culot sans bourrelet.",,,,"Rifle cartridge, rimless case head."
41_rem_mag,.41 Remington Magnum,41 Remington Magnum|41 Rem. Mag.|.41 Remington Magnum,Handgun,10.41,0.41,32.8,12.5,Rimmed,11.02,,11.02,3000,3000,,1.404,Large Pistol,1964,États-Unis,"Calibre d'arme de poing, culot à bourrelet. Pris en charge par l'estimateur de balistique intérieure du site.",,,,"Handgun cartridge, rimmed case head. Supported by the site's interior ballistics estimator."
416_barrett,.416 Barrett,.416 Barrett,Rifle,10.6,0.417,83.0,20.4,Rimless,20.4,18.5,11.6,4400,4400,,13.0,Large Rifle Magnum,,États-Unis,"Calibre d'arme d'épaule, culot sans bourrelet.",,Pression maximale indicative (cartouche non normalisée C.I.P.).,Indicative maximum pressure (cartridge not standardised by C.I.P.).,"Rifle cartridge, rimless case head."
416_rigby,.416 Rigby,416 Rigby,Rifle,10.57,0.416,73.66,14.99,Rimless,14.96,13.72,11.33,3250,3250,4482,6.463,Large Rifle Magnum,,Royaume-Uni,"Calibre d'arme d'épaule, culot sans bourrelet. Pris en charge par l'estimateur de balistique intérieure du site.",,,,"Rifle cartridge, rimless case head. Supported by the site's interior ballistics estimator."
44_magnum,.44 Remington Magnum,44 Rem. Mag.|.44 Remington Magnum,Handgun,10.92,0.43,32.61,13.1,Rimmed,11.6,,11.6,2800,2800,,1.56,Large Pistol Magnum,1955,États-Unis,"Calibre d'arme de poing, culot à bourrelet. Pris en charge par l'estimateur de balistique intérieure du site.",,,,"Handgun cartridge, rimmed case head. Supported by the site's interior ballistics estimator."
44_special,.44 Smith & Wesson Special,.44 Smith & Wesson Special,Handgun,10.97,0.432,29.46,13.06,Rimmed,11.61,,11.61,1000,1000,,1.62,Large Pistol,1907,États-Unis,"Calibre d'arme de poing, culot à bourrelet.",,,,"Handgun cartridge, rimmed case head."
44_40_win,.44-40 Winchester,.44-40 Winchester,Rifle,10.9,0.429,33.1,13.3,Rimmed,12.0,11.6,11.3,1100,1100,,2.6,Large Pistol,1873,États-Unis,"Calibre d'arme d'épaule, culot à bourrelet.",,,,"Rifle cartridge, rimmed case head."
444_marlin,.444 Marlin,444 Marlin,Rifle,10.9,0.429,56.52,13.1,Rimmed,11.95,,11.5,3550,3550,,3.316,Large Rifle,1964,États-Unis,"Calibre d'arme d'épaule, culot à bourrelet. Pris en charge par l'estimateur de balistique intérieure du site.",,,,"Rifle cartridge, rimmed case head. Supported by the site's interior ballistics estimator."
45_acp,.45 ACP,45 Auto|45 Auto / .45 ACP|45 ACP (Auto)|.45 ACP,Handgun,11.48,0.452,22.81,12.2,Rimless,12.1,,12,1300,1300,,1.126,Large Pistol,1905,États-Unis,"Calibre d'arme de poing, culot sans bourrelet. Pris en charge par l'estimateur de balistique intérieure du site.",,,,"Handgun cartridge, rimless case head. Supported by the site's interior ballistics estimator."
45_colt,.45 Colt,45 Colt|.45 Colt,Handgun,11.48,0.452,32.61,13,Rimmed,12.2,,12.2,1100,1100,,1.837,Large Pistol,1873,États-Unis,"Calibre d'arme de poing, culot à bourrelet. Pris en charge par l'estimateur de balistique intérieure du site.",,,,"Handgun cartridge, rimmed case head. Supported by the site's interior ballistics estimator."
45_winchester_magnum,.45 Winchester Magnum,45 Winchester Magnum,Handgun,11.5,0.453,30.4,12.19,Rimless,12.09,,12.01,2750,2750,2861,1.89,Large Pistol,,États-Unis,"Calibre d'arme de poing, culot sans bourrelet. Pris en charge par l'estimateur de balistique intérieure du site.",,,,"Handgun cartridge, rimless case head. Supported by the site's interior ballistics estimator."
45_70_govt,.45-70 Government,45-70 Government|45 - 70 Govt.|.45-70 Government,Rifle,11.63,0.458,53.5,15.4,Rimmed,12.8,,12.2,2200,2200,,3.301,Large Rifle,1873,États-Unis,"Calibre d'arme d'épaule, culot à bourrelet. Pris en charge par l'estimateur de balistique intérieure du site.",,,,"Rifle cartridge, rimmed case head. Supported by the site's interior ballistics estimator."
450_bushmaster,.450 Bushmaster,.450 Bushmaster,Rifle,11.48,0.452,43.2,12.01,Rebated,12.7,,12.19,2700,2700,,3.86,Small Rifle,,États-Unis,"Calibre d'arme d'épaule, culot rétreint.",,,,"Rifle cartridge, rebated case head."
454_casull,.454 Casull,454 Casull|.454 Casull,Handgun,11.48,0.452,35.5,13.1,Rimmed,12.19,,12.19,3900,3900,,2.163,Small Rifle,1983,États-Unis,"Calibre d'arme de poing, culot à bourrelet. Pris en charge par l'estimateur de balistique intérieure du site.",,,,"Handgun cartridge, rimmed case head. Supported by the site's interior ballistics estimator."
458_socom,.458 SOCOM,458 SOCOM,Rifle,11.63,0.458,40.13,12.01,Rebated,13.83,13.56,12.4,2400,2400,,3.604,Large Pistol / Large Rifle,,États-Unis,"Calibre d'arme d'épaule, culot rétreint. Pris en charge par l'estimateur de balistique intérieure du site.",,,,"Rifle cartridge, rebated case head. Supported by the site's interior ballistics estimator."
458_win_mag,.458 Winchester Magnum,458 Winchester Magnum|.458 Winchester Magnum,Rifle,11.63,0.458,63.5,13.51,Belted,13.03,,12.22,4300,4300,4137,5.214,Large Rifle,1956,États-Unis,"Calibre d'arme d'épaule, culot à ceinture. Pris en charge par l'estimateur de balistique intérieure du site.",,,,"Rifle cartridge, belted case head. Supported by the site's interior ballistics estimator."
460_sw_mag,.460 S&W Magnum,460 S&W Magnum|460 S&W|.460 S&W Magnum,Handgun,11.48,0.452,45.72,13.21,Rimmed,12.14,,12.14,3950,3950,,3.07,Large Rifle,2005,États-Unis,"Calibre d'arme de poing, culot à bourrelet. Pris en charge par l'estimateur de balistique intérieure du site.",,,,"Handgun cartridge, rimmed case head. Supported by the site's interior ballistics estimator."
50_ae,.50 Action Express,50 Action Express|50 AE|.50 Action Express,Handgun,12.7,0.5,32.6,13.06,Rebated,13.79,,13.49,2300,2300,2413,3.412,Large Pistol,,États-Unis,"Calibre d'arme de poing, culot rétreint. Pris en charge par l'estimateur de balistique intérieure du site.",,,,"Handgun cartridge, rebated case head. Supported by the site's interior ballistics estimator."
50_bmg,.50 BMG,.50 BMG,Rifle,12.98,0.511,99.31,20.42,Rimless,20.42,18.14,14.22,3700,3700,,18.97,.50 BMG (CCI 35),1921,États-Unis,"Calibre d'arme d'épaule, culot sans bourrelet.",,,,"Rifle cartridge, rimless case head."
500_sw_mag,.500 S&W Magnum,.500 S&W Magnum,Handgun,12.7,0.5,41.3,14.22,Semi-rimmed,13.4,,13.4,3700,3700,,3.5,Large Rifle,2003,États-Unis,"Calibre d'arme de poing, culot à semi-bourrelet.",,Volume d'étui estimé (non publié C.I.P./SAAMI).,Estimated case capacity (not published by C.I.P./SAAMI).,"Handgun cartridge, semi-rimmed case head."
103_x_60_r,10.3 × 60 R,10.3 x 60 R,Rifle,10.54,0.415,60.8,15.7,Rimmed,13.85,12.5,11.4,2700,2700,,4.786,Large Rifle Magnum,,Suisse,"Calibre d'arme d'épaule, culot à bourrelet. Pris en charge par l'estimateur de balistique intérieure du site.",,,,"Rifle cartridge, rimmed case head. Supported by the site's interior ballistics estimator."
10mm_auto,10mm Auto,10 mm Auto|10mm Auto,Handgun,10.17,0.4,25.2,10.8,Rimless,10.8,,10.74,2300,2300,,0.879,Large Pistol,1983,États-Unis,"Calibre d'arme de poing, culot sans bourrelet. Pris en charge par l'estimateur de balistique intérieure du site.",,,,"Handgun cartridge, rimless case head. Supported by the site's interior ballistics estimator."
219_zipper,219 Zipper,219 Zipper,Rifle,5.69,0.224,49.2,12.85,Rimmed,10.72,9.27,6.43,2850,2850,,2.103,Small Rifle,,États-Unis,"Calibre d'arme d'épaule, culot à bourrelet. Pris en charge par l'estimateur de balistique intérieure du site.",,,,"Rifle cartridge, rimmed case head. Supported by the site's interior ballistics estimator."
25_06_remington,25-06 Remington,25-06 Remington,Rifle,6.53,0.257,63.3,12,Rimless,11.9,11.2,7.4,4400,4400,4344,3.675,Large Rifle,1969,États-Unis,"Calibre d'arme d'épaule, culot sans bourrelet. Pris en charge par l'estimateur de balistique intérieure du site.",,,,"Rifle cartridge, rimless case head. Supported by the site's interior ballistics estimator."
33806,338-06,338-06 A-Square|338-06,Rifle,8.59,0.338,63.35,12.01,Rimless,11.99,11.2,9.37,4482,,,3.707,Large Rifle,,Inconnu,"Calibre d'arme d'épaule, culot sans bourrelet. Pris en charge par l'estimateur de balistique intérieure du site.",,"Wildcat non normalisé : absent des tables C.I.P. (Tab I) comme du standard SAAMI Z299.4-2025, vérifié le 2026-08-11. Plafond de TRAVAIL de 65 000 psi, au-dessus des 14 charges maximales mesurées du guide ADI 2013 (59 900 à 63 400 psi) : sur les cartouches que ce guide donne en psi, il développe 200 à 1 600 psi sous la MAP (.308 Win, .223 Rem). Valeur indicative, non normative.","Non-standardised wildcat: absent from both the C.I.P. tables (Tab I) and the SAAMI Z299.4-2025 standard, checked on 2026-08-11. WORKING ceiling of 65,000 psi, above the 14 maximum loads measured in the 2013 ADI guide (59,900 to 63,400 psi): on the cartridges that guide gives in psi, it runs 200 to 1,600 psi below the MAP (.308 Win, .223 Rem). Indicative value, not normative.","Rifle cartridge, rimless case head. Supported by the site's interior ballistics estimator."
35_remington,35 Remington,35 Remington,Rifle,9.09,0.358,48.8,11.7,Rimless,11.6,10.82,9.8,2750,2750,,3.618,Large Rifle,1906,États-Unis,"Calibre d'arme d'épaule, culot sans bourrelet. Pris en charge par l'estimateur de balistique intérieure du site.",,,,"Rifle cartridge, rimless case head. Supported by the site's interior ballistics estimator."
357_maximum,357 Maximum,357 Maximum-T/C|357 Rem Max|357 Remington Maximum|357 Maximum,Handgun,9.07,0.357,40.8,11.18,Rimmed,9.63,,9.63,3100,3100,,1.64,Small Rifle Magnum,,États-Unis,"Calibre d'arme de poing, culot à bourrelet. Pris en charge par l'estimateur de balistique intérieure du site.",,,,"Handgun cartridge, rimmed case head. Supported by the site's interior ballistics estimator."
38_super_auto,38 Super Auto,38 Super|38 Super Auto,Handgun,9.07,0.357,22.86,10.31,Semi-rimmed,9.75,,9.78,2300,2300,,0.79,Small Pistol,,États-Unis,"Calibre d'arme de poing, culot à semi-bourrelet. Pris en charge par l'estimateur de balistique intérieure du site.",,,,"Handgun cartridge, semi-rimmed case head. Supported by the site's interior ballistics estimator."
46x30_hk,4.6×30mm HK,4.6×30mm HK|4.6x30|4.6 mm x 30|4.6mm HK,Handgun,4.65,0.183,30.5,8.0,Rimless,8.02,7.75,5.31,4000,4000,,0.87,Small Rifle,2001,Allemagne,"Calibre d'arme de poing, culot sans bourrelet.",https://www.tireur.org/wiki/doku.php?id=technique:calibres_militaires#hk,,,"Handgun cartridge, rimless case head."
475_linebaugh,475 Linebaugh,475 Linebaugh,Handgun,12.06,0.475,35.16,13.72,Rimmed,12.8,,12.8,3450,3450,,3.481,Large Pistol,,États-Unis,"Calibre d'arme de poing, culot à bourrelet. Pris en charge par l'estimateur de balistique intérieure du site.",,,,"Handgun cartridge, rimmed case head. Supported by the site's interior ballistics estimator."
545x39_m74,5.45×39mm,5.45×39mm,Rifle,5.6,0.22,39.82,10.0,Rimless,10.0,9.25,6.29,3550,3550,,1.75,Small Rifle,1974,Union Soviétique,"Calibre d'arme d'épaule, culot sans bourrelet.",,,,"Rifle cartridge, rimless case head."
556x45_nato,5.56×45mm NATO,5.56×45mm NATO|5.56 NATO|5.56x45|5.56 mm x 45|SS109|M855,Rifle,5.7,0.224,44.7,9.6,Rimless,9.58,9.0,6.43,4300,,,1.85,Small Rifle,1980,Belgique,"Calibre d'arme d'épaule, culot sans bourrelet.",https://www.tireur.org/wiki/doku.php?id=technique:calibres_militaires#nato_et_le_223_remington,"Cotes extérieures identiques au .223 Remington, mais cartouches NON strictement interchangeables : une munition 5.56 OTAN tirée dans une chambre .223 Rem peut générer une surpression dangereuse. L'inverse (.223 Rem dans une chambre 5.56/OTAN) est généralement sans risque. Spécification militaire OTAN, non normalisée C.I.P.","Same external dimensions as the .223 Remington, but the cartridges are NOT strictly interchangeable: 5.56 NATO ammunition fired in a .223 Rem chamber can generate dangerous overpressure. The reverse (.223 Rem in a 5.56/NATO chamber) is generally safe. NATO military specification, not standardised by C.I.P.","Rifle cartridge, rimless case head."
56_x_50_r_mag,5.6 × 50 R Magnum,5.6 x 50 R Mag.,Rifle,5.7,0.224,50,10.9,Rimmed,9.59,9.0,6.48,3400,3400,,1.9,Small Rifle,,Allemagne,"Calibre d'arme d'épaule, culot à bourrelet. Pris en charge par l'estimateur de balistique intérieure du site.",,,,"Rifle cartridge, rimmed case head. Supported by the site's interior ballistics estimator."
57x28_fn,5.7×28mm,5.7×28mm,Handgun,5.7,0.224,28.9,7.8,Rebated,7.95,7.95,6.38,3450,3450,,0.9,Small Pistol,,Belgique,"Calibre d'arme de poing, culot rétreint.",,,,"Handgun cartridge, rebated case head."
6_norma_br,6 Norma BR,6 mm BR Norma|6mm BR Norma|6mm BR|6BR|6mmBR Norma|6 Norma BR,Rifle,6.17,0.243,39.62,12.01,Rimless,12.01,11.63,6.86,4050,4050,,2.172,Small Rifle,,Suède,"Calibre d'arme d'épaule, culot sans bourrelet. Pris en charge par l'estimateur de balistique intérieure du site.",,,,"Rifle cartridge, rimless case head. Supported by the site's interior ballistics estimator."
6_xc,6 XC,6mm XC|6XC|6 XC,Rifle,6.17,0.243,48.3,11.95,Rimless,11.92,11.53,6.96,4400,4400,,2.871,Large Rifle,,Suède,"Calibre d'arme d'épaule, culot sans bourrelet. Pris en charge par l'estimateur de balistique intérieure du site.",,,,"Rifle cartridge, rimless case head. Supported by the site's interior ballistics estimator."
65_creedmoor,6.5 Creedmoor,6.5 Creedmoor,Rifle,6.71,0.264,48.77,12.01,Rimless,11.95,11.73,7.49,4350,4350,,2.967,Large Rifle,2007,États-Unis,"Calibre d'arme d'épaule, culot sans bourrelet. Pris en charge par l'estimateur de balistique intérieure du site.",,,,"Rifle cartridge, rimless case head. Supported by the site's interior ballistics estimator."
65_grendel,6.5 Grendel,6.5 Grendel AR-15|6.5 Grendel,Rifle,6.71,0.264,38.61,11.2,Rimless,11.22,10.87,7.44,4050,4050,,2.785,Small Rifle,,États-Unis,"Calibre d'arme d'épaule, culot sans bourrelet. Pris en charge par l'estimateur de balistique intérieure du site.",,,,"Rifle cartridge, rimless case head. Supported by the site's interior ballistics estimator."
65_prc,6.5 PRC,6.5 PRC,Rifle,6.71,0.264,51.56,13.51,Rimless,13.51,13.1,7.54,4400,4400,,3.948,Large Rifle,2018,États-Unis,"Calibre d'arme d'épaule, culot sans bourrelet. Pris en charge par l'estimateur de balistique intérieure du site.",,,,"Rifle cartridge, rimless case head. Supported by the site's interior ballistics estimator."
65284_norma,6.5-284 Norma,6.5 x 284 Norma|6.5-284 Norma,Rifle,6.71,0.264,55.1,12.01,Rebated,12.73,12.07,7.54,4100,4100,3999,4.485,Large Rifle,,Suède,"Calibre d'arme d'épaule, culot rétreint. Pris en charge par l'estimateur de balistique intérieure du site.",,,,"Rifle cartridge, rebated case head. Supported by the site's interior ballistics estimator."
65x47_lapua,6.5×47mm Lapua,6.5 x 47 Lapua|6.5×47mm Lapua,Rifle,6.71,0.264,47,12.01,Rimless,11.95,11.59,7.41,4350,4350,,2.843,Small Rifle,,Finlande,"Calibre d'arme d'épaule, culot sans bourrelet. Pris en charge par l'estimateur de balistique intérieure du site.",,,,"Rifle cartridge, rimless case head. Supported by the site's interior ballistics estimator."
65x55_swedish,6.5×55mm Swedish,6.5 x 55mm Swedish Mauser|6.5x55 Swedish|6.5 x 55 SE|6.5×55mm Swedish,Rifle,6.71,0.264,55,12.2,Rimless,12.2,11.04,7.6,3800,3800,,3.419,Large Rifle,1894,Suède / Norvège,"Calibre d'arme d'épaule, culot sans bourrelet. Pris en charge par l'estimateur de balistique intérieure du site.",,,,"Rifle cartridge, rimless case head. Supported by the site's interior ballistics estimator."
68_western,6.8 Western,6.8 Western,Rifle,7.04,0.277,51.3,13.59,Rebated,14.1,13.69,7.98,4400,4400,4482,4.294,Large Rifle Magnum,,États-Unis,"Calibre d'arme d'épaule, culot rétreint. Pris en charge par l'estimateur de balistique intérieure du site.",,,,"Rifle cartridge, rebated case head. Supported by the site's interior ballistics estimator."
6mm_arc,6mm ARC,6 mm ARC|6mm ARC,Rifle,6.17,0.243,37.85,11.2,Rimless,11.2,10.92,6.96,3800,3800,3585,2.014,Small Rifle,,États-Unis,"Calibre d'arme d'épaule, culot sans bourrelet. Pris en charge par l'estimateur de balistique intérieure du site.",,,,"Rifle cartridge, rimless case head. Supported by the site's interior ballistics estimator."
6mm_creedmoor,6mm Creedmoor,6 mm Creedmoor|6mm Creedmoor,Rifle,6.17,0.243,48.8,12.01,Rimless,11.95,11.73,7.01,4350,4350,4275,3.033,Large Rifle,2017,États-Unis,"Calibre d'arme d'épaule, culot sans bourrelet. Pris en charge par l'estimateur de balistique intérieure du site.",,,,"Rifle cartridge, rimless case head. Supported by the site's interior ballistics estimator."
6mm_ppc,6mm PPC,6 PPC|6 mm PPC-USA|6mm PPC-USA|6mm PPC,Rifle,6.17,0.243,38.18,11.18,Rimless,11.13,10.95,6.65,4050,4050,,1.998,Small Rifle,,États-Unis,"Calibre d'arme d'épaule, culot sans bourrelet. Pris en charge par l'estimateur de balistique intérieure du site.",,,,"Rifle cartridge, rimless case head. Supported by the site's interior ballistics estimator."
6_mm_remington,6mm Remington,6 mm Remington,Rifle,6.17,0.243,56.7,12,Rimless,12,10.9,7,4300,4300,4482,3.261,Large Rifle,,États-Unis,"Calibre d'arme d'épaule, culot sans bourrelet. Pris en charge par l'estimateur de balistique intérieure du site.",,,,"Rifle cartridge, rimless case head. Supported by the site's interior ballistics estimator."
6x47_lapua,6x47 Lapua,6x47 Lapua,Rifle,6.17,0.243,47,,Rimless,,,,4350,,,2.79,Small Rifle,,Finlande,"Calibre d'arme d'épaule, culot sans bourrelet. Pris en charge par l'estimateur de balistique intérieure du site.",,"Wildcat non homologué C.I.P. ni normalisé SAAMI : limite reprise du 6,5 x 47 Lapua dont il dérive (même étui, collet rétreint en 6 mm). Valeur indicative. Le guide Hodgdon AM24 couvre cette cartouche mais en CUP, unité non convertible : il ne permet pas de contrôler cette limite.","Wildcat, neither approved by C.I.P. nor standardised by SAAMI: limit taken from the 6.5 x 47 Lapua it derives from (same case, neck reduced to 6 mm). Indicative value. The Hodgdon AM24 guide covers this cartridge, but in CUP, a unit that cannot be converted: it cannot be used to check this limit.","Rifle cartridge, rimless case head. Supported by the site's interior ballistics estimator."
7_x_57_r,7 × 57 R,7 x 57 R,Rifle,7.24,0.285,57,13.5,Rimmed,12.05,10.92,8.25,3400,3400,,3.209,Large Rifle,,Allemagne,"Calibre d'arme d'épaule, culot à bourrelet. Pris en charge par l'estimateur de balistique intérieure du site.",,,,"Rifle cartridge, rimmed case head. Supported by the site's interior ballistics estimator."
7_x_65_r,7 × 65 R,7 x 65R|7 x 65 R,Rifle,7.24,0.285,65,13.32,Rimmed,11.89,10.8,7.95,3800,3800,,3.743,Large Rifle,,Allemagne,"Calibre d'arme d'épaule, culot à bourrelet. Pris en charge par l'estimateur de balistique intérieure du site.",,,,"Rifle cartridge, rimmed case head. Supported by the site's interior ballistics estimator."
75_swiss_rev,7.5mm 1882 Swiss,7.5mm 1882 Swiss,Handgun,8.0,0.315,22.8,10.4,Rimmed,9.0,,8.4,1850,1850,,0.75,Small Pistol,1882,Suisse,"Calibre d'arme de poing, culot à bourrelet.",,,,"Handgun cartridge, rimmed case head."
75x54_french,7.5×54mm French,7.5×54mm French,Rifle,7.84,0.309,54.0,12.34,Rimless,12.25,11.3,8.66,3800,3800,,3.76,Large Rifle,1929,France,"Calibre d'arme d'épaule, culot sans bourrelet.",,,,"Rifle cartridge, rimless case head."
75x55_swiss,7.5×55mm Swiss,7.5 x 55 Swiss|7.5×55mm Swiss,Rifle,7.77,0.306,55.6,12.65,Rimless,12.64,11.63,8.68,3800,3800,,3.718,Large Rifle,1911,Suisse,"Calibre d'arme d'épaule, culot sans bourrelet. Pris en charge par l'estimateur de balistique intérieure du site.",https://www.tireur.org/wiki/doku.php?id=technique:cartouche_7-5x55,,,"Rifle cartridge, rimless case head. Supported by the site's interior ballistics estimator."
762x25_tokarev,7.62×25mm Tokarev,7.62×25mm Tokarev,Handgun,7.85,0.309,25.0,9.95,Rimless,9.83,9.48,8.5,2500,2500,,1.09,Small Pistol,,Union Soviétique,"Calibre d'arme de poing, culot sans bourrelet.",,,,"Handgun cartridge, rimless case head."
762x39_m43,7.62×39mm,7.62 x 39|7.62×39mm,Rifle,7.9,0.311,38.7,11.35,Rimless,11.35,10.07,8.6,3550,3550,,1.77,Large Rifle,1949,Union Soviétique,"Calibre d'arme d'épaule, culot sans bourrelet. Pris en charge par l'estimateur de balistique intérieure du site.",,,,"Rifle cartridge, rimless case head. Supported by the site's interior ballistics estimator."
762x51_nato,7.62×51mm NATO,7.62×51mm NATO|7.62 NATO|7.62x51|7.62 mm x 51,Rifle,7.82,0.308,51.2,12.0,Rimless,11.9,11.5,8.8,4150,,,3.38,Large Rifle,,États-Unis,"Calibre d'arme d'épaule, culot sans bourrelet.",https://www.tireur.org/wiki/doku.php?id=technique:calibres_militaires#nato_et_la_308_winchester,"Très proche du .308 Winchester, mais cartouches NON strictement interchangeables : le 7.62 OTAN se tire généralement sans risque dans une chambre .308 Win, alors qu'une munition .308 (pression plus élevée, parois d'étui plus fines) tirée dans une chambre militaire 7.62 (headspace plus long) peut provoquer une rupture d'étui. Spécification militaire OTAN, non normalisée C.I.P.","Very close to the .308 Winchester, but the cartridges are NOT strictly interchangeable: 7.62 NATO can generally be fired safely in a .308 Win chamber, whereas .308 ammunition (higher pressure, thinner case walls) fired in a 7.62 military chamber (longer headspace) can cause a case rupture. NATO military specification, not standardised by C.I.P.","Rifle cartridge, rimless case head."
762x54r,7.62×54mmR,7.62 x 54 R|7.62×54mmR,Rifle,7.92,0.312,53.7,14.48,Rimmed,12.37,11.61,8.53,3900,3900,,3.65,Large Rifle,1891,Union Soviétique,"Calibre d'arme d'épaule, culot à bourrelet. Pris en charge par l'estimateur de balistique intérieure du site.",,,,"Rifle cartridge, rimmed case head. Supported by the site's interior ballistics estimator."
763_mauser,7.63×25mm Mauser,7.63×25mm Mauser,Handgun,7.86,0.309,25.15,9.98,Rimless,9.85,9.6,8.46,2250,2250,,0.78,Small Pistol,,Allemagne,"Calibre d'arme de poing, culot sans bourrelet.",,,,"Handgun cartridge, rimless case head."
765_luger,7.65×21mm Parabellum,7.65×21mm Parabellum,Handgun,7.85,0.309,21.59,9.98,Rimless,9.93,,8.43,2350,2350,,0.93,Small Pistol,1900,Allemagne,"Calibre d'arme de poing, culot sans bourrelet.",,,,"Handgun cartridge, rimless case head."
765_argentined,7.65×53mm Argentine,7.65×53mm Argentine,Rifle,7.94,0.313,53.6,12.05,Rimless,12.01,10.9,8.78,3900,3900,,3.7,Large Rifle,1889,Allemagne,"Calibre d'arme d'épaule, culot sans bourrelet.",,,,"Rifle cartridge, rimless case head."
7mm_br_remington,7mm BR Remington,7 mm BR Remington|7mm BR Remington,Rifle,7.21,0.284,38.6,12.01,Rimless,12,11.68,7.86,4050,4050,,2.248,Small Rifle,,États-Unis,"Calibre d'arme d'épaule, culot sans bourrelet. Pris en charge par l'estimateur de balistique intérieure du site.",,,,"Rifle cartridge, rimless case head. Supported by the site's interior ballistics estimator."
7mm_prc,7mm PRC,7 mm PRC|7mm PRC,Rifle,7.21,0.284,57.91,13.51,Rimless,13.51,13.15,8.05,4400,4400,4482,4.4,Large Rifle Magnum,,États-Unis,"Calibre d'arme d'épaule, culot sans bourrelet. Pris en charge par l'estimateur de balistique intérieure du site.",,,,"Rifle cartridge, rimless case head. Supported by the site's interior ballistics estimator."
7mm_rum,7mm RUM,7mm Remington Ultra Magnum|7mm RUM,Rifle,7.21,0.284,72.4,13.51,Rebated,13.97,13.34,8.18,4400,4400,4482,6.098,Large Rifle Magnum,,États-Unis,"Calibre d'arme d'épaule, culot rétreint. Pris en charge par l'estimateur de balistique intérieure du site.",,,,"Rifle cartridge, rebated case head. Supported by the site's interior ballistics estimator."
7mm_rem_mag,7mm Remington Magnum,7mm Remington Magnum|7 Rem. Mag.,Rifle,7.24,0.285,63.5,13.5,Belted,13,12.5,8,4300,4300,,5.099,Large Rifle Magnum,1962,États-Unis,"Calibre d'arme d'épaule, culot à ceinture. Pris en charge par l'estimateur de balistique intérieure du site.",,,,"Rifle cartridge, belted case head. Supported by the site's interior ballistics estimator."
7mm_wsm,7mm WSM,7 mm WSM|7mm Winchester Short Magnum|7mm WSM,Rifle,7.21,0.284,53.3,13.59,Rebated,14.1,13.67,8.15,4400,4400,4482,4.539,Large Rifle Magnum,,États-Unis,"Calibre d'arme d'épaule, culot rétreint. Pris en charge par l'estimateur de balistique intérieure du site.",,,,"Rifle cartridge, rebated case head. Supported by the site's interior ballistics estimator."
7mm_weatherby_magnum,7mm Weatherby Magnum,7mm Weatherby Magnum,Rifle,7.21,0.284,64.7,13.46,Belted,12.98,12.45,7.92,4400,4400,4482,5.23,Large Rifle Magnum,,États-Unis,"Calibre d'arme d'épaule, culot à ceinture. Pris en charge par l'estimateur de balistique intérieure du site.",,,,"Rifle cartridge, belted case head. Supported by the site's interior ballistics estimator."
7mm_08_rem,7mm-08 Remington,7 mm-08 Remington|7mm-08 Remington|7 -08 Rem.,Rifle,7.24,0.285,51.69,12,Rimless,11.9,11.5,8,4150,4150,,2.717,Large Rifle,1980,États-Unis,"Calibre d'arme d'épaule, culot sans bourrelet. Pris en charge par l'estimateur de balistique intérieure du site.",,,,"Rifle cartridge, rimless case head. Supported by the site's interior ballistics estimator."
7x57_mauser,7×57mm Mauser,7x57|7x57 Mauser|7 x 57|7×57mm Mauser,Rifle,7.24,0.285,57,12.1,Rimless,12.01,10.92,8.25,3900,3900,,3.357,Large Rifle,,Allemagne,"Calibre d'arme d'épaule, culot sans bourrelet. Pris en charge par l'estimateur de balistique intérieure du site.",,,,"Rifle cartridge, rimless case head. Supported by the site's interior ballistics estimator."
7x64_brenneke,7×64mm Brenneke,7x64|7x64 Brenneke|7 x 64|7×64mm Brenneke,Rifle,7.24,0.285,64,11.95,Rimless,11.85,10.8,7.95,4150,4150,,3.798,Large Rifle,1917,Allemagne,"Calibre d'arme d'épaule, culot sans bourrelet. Pris en charge par l'estimateur de balistique intérieure du site.",,,,"Rifle cartridge, rimless case head. Supported by the site's interior ballistics estimator."
8_x_57_irs,8 × 57 IRS,8 x 57 IRS,Rifle,8.2,0.323,57,13.32,Rimmed,11.95,10.95,9.08,3300,3300,,3.557,Large Rifle,,Allemagne,"Calibre d'arme d'épaule, culot à bourrelet. Pris en charge par l'estimateur de balistique intérieure du site.",,,,"Rifle cartridge, rimmed case head. Supported by the site's interior ballistics estimator."
8mm_lebel_rev,8mm Lebel Revolver,8mm Lebel Revolver,Handgun,8.28,0.326,27.4,10.5,Rimmed,9.1,,9.0,1250,1250,,0.95,Small Pistol,1892,France,"Calibre d'arme de poing, culot à bourrelet.",,,,"Handgun cartridge, rimmed case head."
8x50r_lebel,8×50mmR Lebel,8×50mmR Lebel,Rifle,8.3,0.327,50.5,16.0,Rimmed,13.77,11.42,8.85,3200,3200,,4.0,Large Rifle,1886,France,"Calibre d'arme d'épaule, culot à bourrelet.",,Volume d'étui estimé (non publié C.I.P./SAAMI).,Estimated case capacity (not published by C.I.P./SAAMI).,"Rifle cartridge, rimmed case head."
8x57_is,8×57mm IS (8mm Mauser),8x57 Mauser|8x57 IS|8x57 JS|8x57|8 x 57 IS|8×57mm IS (8mm Mauser),Rifle,8.2,0.323,57,11.95,Rimless,11.94,10.95,9.08,3900,3900,,3.489,Large Rifle,,Allemagne,"Calibre d'arme d'épaule, culot sans bourrelet. Pris en charge par l'estimateur de balistique intérieure du site.",,,,"Rifle cartridge, rimless case head. Supported by the site's interior ballistics estimator."
8x68s,8×68mm S,8 x 68 S|8×68mm S,Rifle,8.2,0.323,67.5,13,Rebated,13.3,12.15,9.14,4400,4400,,5.059,Large Rifle,,Allemagne,"Calibre d'arme d'épaule, culot rétreint. Pris en charge par l'estimateur de balistique intérieure du site.",,,,"Rifle cartridge, rebated case head. Supported by the site's interior ballistics estimator."
9_x_23_winchester,9 × 23 Winchester,9 x 23 Winchester,Handgun,9.04,0.356,22.86,10.01,Rimless,9.93,,9.68,3792,,3792,0.8,Small Pistol,,États-Unis,"Calibre d'arme de poing, culot sans bourrelet. Pris en charge par l'estimateur de balistique intérieure du site.",,,,"Handgun cartridge, rimless case head. Supported by the site's interior ballistics estimator."
93_x_64_brenneke,9.3 × 64 Brenneke,9.3 x 64 Brenneke,Rifle,9.3,0.366,64,12.6,Rebated,12.88,12.05,10.04,4400,4400,,4.82,Large Rifle Magnum,,Allemagne,"Calibre d'arme d'épaule, culot rétreint. Pris en charge par l'estimateur de balistique intérieure du site.",,,,"Rifle cartridge, rebated case head. Supported by the site's interior ballistics estimator."
93x62_mauser,9.3×62mm Mauser,9.3x62 Mauser|9.3x62|9.3 x 62|9.3×62mm Mauser,Rifle,9.3,0.366,62,11.95,Rebated,12.1,11.45,9.92,3900,3900,,3.97,Large Rifle,,Allemagne,"Calibre d'arme d'épaule, culot rétreint. Pris en charge par l'estimateur de balistique intérieure du site.",,,,"Rifle cartridge, rebated case head. Supported by the site's interior ballistics estimator."
93x74r,9.3×74mmR,9.3 x 74 R|9.3×74mmR,Rifle,9.3,0.366,74.7,13.35,Rimmed,11.9,10.4,9.92,3400,3400,,4.616,Large Rifle,,Allemagne,"Calibre d'arme d'épaule, culot à bourrelet. Pris en charge par l'estimateur de balistique intérieure du site.",,,,"Rifle cartridge, rimmed case head. Supported by the site's interior ballistics estimator."
9x18_makarov,9×18mm Makarov,9×18mm Makarov,Handgun,9.27,0.365,18.1,9.95,Rimless,9.95,,9.91,1600,1600,,0.83,Small Pistol,1951,Union Soviétique,"Calibre d'arme de poing, culot sans bourrelet.",,,,"Handgun cartridge, rimless case head."
9x19_parabellum,9×19mm Parabellum,9 mm Luger / 9x19 mm|9x19|9 mm Luger|9×19mm Parabellum,Handgun,9.02,0.355,19.15,9.96,Rimless,9.93,,9.65,2350,2350,,0.563,Small Pistol,,Allemagne,"Calibre d'arme de poing, culot sans bourrelet. Pris en charge par l'estimateur de balistique intérieure du site.",,,,"Handgun cartridge, rimless case head. Supported by the site's interior ballistics estimator."
9x21_imi,9×21mm IMI,9×21mm IMI,Handgun,9.03,0.356,21.15,9.92,Rimless,9.9,,9.63,2350,2350,,0.62,Small Pistol,,Israël,"Calibre d'arme de poing, culot sans bourrelet.",,,,"Handgun cartridge, rimless case head."
